exercicio,coluna,cod_conta,conta,valor
2019,<MR-11>,ReceitaTributariaLiquidaExcetoTransferenciasEFUNDEB,"Impostos, Taxas e Contribuições de Melhoria",414202320.3
2019,<MR-10>,ReceitaTributariaLiquidaExcetoTransferenciasEFUNDEB,"Impostos, Taxas e Contribuições de Melhoria",360636883.96
2019,<MR-9>,ReceitaTributariaLiquidaExcetoTransferenciasEFUNDEB,"Impostos, Taxas e Contribuições de Melhoria",344216362.73
2019,<MR-8>,ReceitaTributariaLiquidaExcetoTransferenciasEFUNDEB,"Impostos, Taxas e Contribuições de Melhoria",404170218.63
2019,<MR-7>,ReceitaTributariaLiquidaExcetoTransferenciasEFUNDEB,"Impostos, Taxas e Contribuições de Melhoria",424231842.43
2019,<MR-6>,ReceitaTributariaLiquidaExcetoTransferenciasEFUNDEB,"Impostos, Taxas e Contribuições de Melhoria",415867604.91
2019,<MR-5>,ReceitaTributariaLiquidaExcetoTransferenciasEFUNDEB,"Impostos, Taxas e Contribuições de Melhoria",451902150.99
2019,<MR-4>,ReceitaTributariaLiquidaExcetoTransferenciasEFUNDEB,"Impostos, Taxas e Contribuições de Melhoria",410018669.16
2019,<MR-3>,ReceitaTributariaLiquidaExcetoTransferenciasEFUNDEB,"Impostos, Taxas e Contribuições de Melhoria",455989682.93
2019,<MR-2>,ReceitaTributariaLiquidaExcetoTransferenciasEFUNDEB,"Impostos, Taxas e Contribuições de Melhoria",415180794.57
2019,<MR-1>,ReceitaTributariaLiquidaExcetoTransferenciasEFUNDEB,"Impostos, Taxas e Contribuições de Melhoria",399131232.01
2019,<MR>,ReceitaTributariaLiquidaExcetoTransferenciasEFUNDEB,"Impostos, Taxas e Contribuições de Melhoria",507426263.01
2019,TOTAL (ÚLTIMOS 12 MESES),ReceitaTributariaLiquidaExcetoTransferenciasEFUNDEB,"Impostos, Taxas e Contribuições de Melhoria",5002974025.63
2019,PREVISÃO ATUALIZADA 2019,ReceitaTributariaLiquidaExcetoTransferenciasEFUNDEB,"Impostos, Taxas e Contribuições de Melhoria",4839294922.05
2020,<MR-11>,ReceitaTributariaLiquidaExcetoTransferenciasEFUNDEB,"Impostos, Taxas e Contribuições de Melhoria",434048928.67
2020,<MR-10>,ReceitaTributariaLiquidaExcetoTransferenciasEFUNDEB,"Impostos, Taxas e Contribuições de Melhoria",417689215.52
2020,<MR-9>,ReceitaTributariaLiquidaExcetoTransferenciasEFUNDEB,"Impostos, Taxas e Contribuições de Melhoria",408586456.46
2020,<MR-8>,ReceitaTributariaLiquidaExcetoTransferenciasEFUNDEB,"Impostos, Taxas e Contribuições de Melhoria",342005411.25
2020,<MR-7>,ReceitaTributariaLiquidaExcetoTransferenciasEFUNDEB,"Impostos, Taxas e Contribuições de Melhoria",366802004.53
2020,<MR-6>,ReceitaTributariaLiquidaExcetoTransferenciasEFUNDEB,"Impostos, Taxas e Contribuições de Melhoria",403175796.6
2020,<MR-5>,ReceitaTributariaLiquidaExcetoTransferenciasEFUNDEB,"Impostos, Taxas e Contribuições de Melhoria",458526473.53
2020,<MR-4>,ReceitaTributariaLiquidaExcetoTransferenciasEFUNDEB,"Impostos, Taxas e Contribuições de Melhoria",509536878.18
2020,<MR-3>,ReceitaTributariaLiquidaExcetoTransferenciasEFUNDEB,"Impostos, Taxas e Contribuições de Melhoria",478588767.94
2020,<MR-2>,ReceitaTributariaLiquidaExcetoTransferenciasEFUNDEB,"Impostos, Taxas e Contribuições de Melhoria",484034925.58
2020,<MR-1>,ReceitaTributariaLiquidaExcetoTransferenciasEFUNDEB,"Impostos, Taxas e Contribuições de Melhoria",483926830.83
2020,<MR>,ReceitaTributariaLiquidaExcetoTransferenciasEFUNDEB,"Impostos, Taxas e Contribuições de Melhoria",594040474.77
2020,TOTAL (ÚLTIMOS 12 MESES),ReceitaTributariaLiquidaExcetoTransferenciasEFUNDEB,"Impostos, Taxas e Contribuições de Melhoria",5380962163.86
2020,PREVISÃO ATUALIZADA 2020,ReceitaTributariaLiquidaExcetoTransferenciasEFUNDEB,"Impostos, Taxas e Contribuições de Melhoria",4801653948.0
2021,<MR-11>,ReceitaTributariaLiquidaExcetoTransferenciasEFUNDEB,"Impostos, Taxas e Contribuições de Melhoria",507754030.78
2021,<MR-10>,ReceitaTributariaLiquidaExcetoTransferenciasEFUNDEB,"Impostos, Taxas e Contribuições de Melhoria",460200300.82
2021,<MR-9>,ReceitaTributariaLiquidaExcetoTransferenciasEFUNDEB,"Impostos, Taxas e Contribuições de Melhoria",439423077.9
2021,<MR-8>,ReceitaTributariaLiquidaExcetoTransferenciasEFUNDEB,"Impostos, Taxas e Contribuições de Melhoria",537003156.26
2021,<MR-7>,ReceitaTributariaLiquidaExcetoTransferenciasEFUNDEB,"Impostos, Taxas e Contribuições de Melhoria",536953758.69
2021,<MR-6>,ReceitaTributariaLiquidaExcetoTransferenciasEFUNDEB,"Impostos, Taxas e Contribuições de Melhoria",581524417.27
2021,<MR-5>,ReceitaTributariaLiquidaExcetoTransferenciasEFUNDEB,"Impostos, Taxas e Contribuições de Melhoria",653373366.38
2021,<MR-4>,ReceitaTributariaLiquidaExcetoTransferenciasEFUNDEB,"Impostos, Taxas e Contribuições de Melhoria",668300913.18
2021,<MR-3>,ReceitaTributariaLiquidaExcetoTransferenciasEFUNDEB,"Impostos, Taxas e Contribuições de Melhoria",614789419.08
2021,<MR-2>,ReceitaTributariaLiquidaExcetoTransferenciasEFUNDEB,"Impostos, Taxas e Contribuições de Melhoria",530701227.25
2021,<MR-1>,ReceitaTributariaLiquidaExcetoTransferenciasEFUNDEB,"Impostos, Taxas e Contribuições de Melhoria",600804131.84
2021,<MR>,ReceitaTributariaLiquidaExcetoTransferenciasEFUNDEB,"Impostos, Taxas e Contribuições de Melhoria",774438241.97
2021,TOTAL (ÚLTIMOS 12 MESES),ReceitaTributariaLiquidaExcetoTransferenciasEFUNDEB,"Impostos, Taxas e Contribuições de Melhoria",6905266041.42
2021,PREVISÃO ATUALIZADA 2021,ReceitaTributariaLiquidaExcetoTransferenciasEFUNDEB,"Impostos, Taxas e Contribuições de Melhoria",5613533108.99
2022,<MR-11>,ReceitaTributariaLiquidaExcetoTransferenciasEFUNDEB,"Impostos, Taxas e Contribuições de Melhoria",643584815.7
2022,<MR-10>,ReceitaTributariaLiquidaExcetoTransferenciasEFUNDEB,"Impostos, Taxas e Contribuições de Melhoria",586700783.68
2022,<MR-9>,ReceitaTributariaLiquidaExcetoTransferenciasEFUNDEB,"Impostos, Taxas e Contribuições de Melhoria",572546990.44
2022,<MR-8>,ReceitaTributariaLiquidaExcetoTransferenciasEFUNDEB,"Impostos, Taxas e Contribuições de Melhoria",598744138.34
2022,<MR-7>,ReceitaTributariaLiquidaExcetoTransferenciasEFUNDEB,"Impostos, Taxas e Contribuições de Melhoria",680970039.05
2022,<MR-6>,ReceitaTributariaLiquidaExcetoTransferenciasEFUNDEB,"Impostos, Taxas e Contribuições de Melhoria",692330049.21
2022,<MR-5>,ReceitaTributariaLiquidaExcetoTransferenciasEFUNDEB,"Impostos, Taxas e Contribuições de Melhoria",720894486.29
2022,<MR-4>,ReceitaTributariaLiquidaExcetoTransferenciasEFUNDEB,"Impostos, Taxas e Contribuições de Melhoria",613173729.05
2022,<MR-3>,ReceitaTributariaLiquidaExcetoTransferenciasEFUNDEB,"Impostos, Taxas e Contribuições de Melhoria",565495338.41
2022,<MR-2>,ReceitaTributariaLiquidaExcetoTransferenciasEFUNDEB,"Impostos, Taxas e Contribuições de Melhoria",530646276.89
2022,<MR-1>,ReceitaTributariaLiquidaExcetoTransferenciasEFUNDEB,"Impostos, Taxas e Contribuições de Melhoria",531637404.66
2022,<MR>,ReceitaTributariaLiquidaExcetoTransferenciasEFUNDEB,"Impostos, Taxas e Contribuições de Melhoria",635072944.52
2022,TOTAL (ÚLTIMOS 12 MESES),ReceitaTributariaLiquidaExcetoTransferenciasEFUNDEB,"Impostos, Taxas e Contribuições de Melhoria",7371796996.24
2022,PREVISÃO ATUALIZADA 2022,ReceitaTributariaLiquidaExcetoTransferenciasEFUNDEB,"Impostos, Taxas e Contribuições de Melhoria",7219133257.25
2024,<MR-11>,ReceitaTributariaLiquidaExcetoTransferenciasEFUNDEB,"Impostos, Taxas e Contribuições de Melhoria",724818406.35
2024,<MR-10>,ReceitaTributariaLiquidaExcetoTransferenciasEFUNDEB,"Impostos, Taxas e Contribuições de Melhoria",720667513.49
2024,<MR-9>,ReceitaTributariaLiquidaExcetoTransferenciasEFUNDEB,"Impostos, Taxas e Contribuições de Melhoria",642123557.06
2024,<MR-8>,ReceitaTributariaLiquidaExcetoTransferenciasEFUNDEB,"Impostos, Taxas e Contribuições de Melhoria",768957342.96
2024,<MR-7>,ReceitaTributariaLiquidaExcetoTransferenciasEFUNDEB,"Impostos, Taxas e Contribuições de Melhoria",780860611.72
2024,<MR-6>,ReceitaTributariaLiquidaExcetoTransferenciasEFUNDEB,"Impostos, Taxas e Contribuições de Melhoria",798772864.92
2024,<MR-5>,ReceitaTributariaLiquidaExcetoTransferenciasEFUNDEB,"Impostos, Taxas e Contribuições de Melhoria",854594828.52
2024,<MR-4>,ReceitaTributariaLiquidaExcetoTransferenciasEFUNDEB,"Impostos, Taxas e Contribuições de Melhoria",878313444.01
2024,<MR-3>,ReceitaTributariaLiquidaExcetoTransferenciasEFUNDEB,"Impostos, Taxas e Contribuições de Melhoria",731397458.04
2024,<MR-2>,ReceitaTributariaLiquidaExcetoTransferenciasEFUNDEB,"Impostos, Taxas e Contribuições de Melhoria",667025997.43
2024,<MR-1>,ReceitaTributariaLiquidaExcetoTransferenciasEFUNDEB,"Impostos, Taxas e Contribuições de Melhoria",762873666.63
2024,<MR>,ReceitaTributariaLiquidaExcetoTransferenciasEFUNDEB,"Impostos, Taxas e Contribuições de Melhoria",1008219833.61
2024,TOTAL (ÚLTIMOS 12 MESES),ReceitaTributariaLiquidaExcetoTransferenciasEFUNDEB,"Impostos, Taxas e Contribuições de Melhoria",9338625524.74
2024,PREVISÃO ATUALIZADA 2024,ReceitaTributariaLiquidaExcetoTransferenciasEFUNDEB,"Impostos, Taxas e Contribuições de Melhoria",9519151159.0
