exercicio,conta,PREVISÃO ATUALIZADA (a),No Bimestre (b)
2019,ALIENAÇÃO DE BENS,367100.0,830126.6
2019,AMORTIZAÇÃO DA DÍVIDA,,
2019,Alienação de Bens Móveis,367100.0,830126.6
2019,"Bens, Direitos e Valores Incorporados ao Patrimônio Público",80000.0,
2019,CONTRIBUIÇÕES,714006479.0,158256381.26999998
2019,Cessão de Direitos,16173537.28,4789270.23
2019,Contribuições Sociais,714006479.0,158256381.26999998
2019,DESPESAS (EXCETO INTRA-ORÇAMENTÁRIAS) (VIII),,
2019,DESPESAS (INTRA-ORÇAMENTÁRIAS) (IX),,
2019,DESPESAS CORRENTES,,
2019,DESPESAS DE CAPITAL,,
2019,Demais Despesas Correntes,,
2019,Demais Receitas Correntes,203998599.44,31508935.85
2019,Demais Receitas Patrimoniais,1083800.0,128405.91
2019,Demais Receitas de Capital,,2155433.65
2019,Exploração do Patrimônio Imobiliário do Estado,450000.0,76666.5
2019,"IMPOSTOS, TAXAS E CONTRIBUIÇÕES DE MELHORIA",3038738634.85,592437080.24
2019,INVERSÕES FINANCEIRAS,,
2019,INVESTIMENTOS,,
2019,Impostos,2910133515.56,567659797.32
2019,"Indenizações, Restituições e Ressarcimentos",10663281.49,4285808.83
2019,JUROS E ENCARGOS DA DÍVIDA,,
2019,"Multas Administrativas, Contratuais e Judiciais",21248029.32,4588668.08
2019,OPERAÇÕES DE CRÉDITO,174068000.0,
2019,OUTRAS DESPESAS CORRENTES,,
2019,OUTRAS RECEITAS CORRENTES,235989910.25,40383412.76
2019,OUTRAS RECEITAS DE CAPITAL,,2155433.65
2019,Operações de Crédito - Mercado Interno,174068000.0,
2019,Outros Serviços,3601000.0,971181.56
2019,PESSOAL E ENCARGOS SOCIAIS,,
2019,RECEITA DE SERVIÇOS,265192712.36,39774366.59
2019,RECEITA PATRIMONIAL,307777539.86,96163153.06
2019,RECEITAS (EXCETO INTRA-ORÇAMENTÁRIAS) (I),8138926716.83,1676610414.29
2019,RECEITAS (INTRA-ORÇAMENTÁRIAS) (II),655822000.0,156912182.58
2019,RECEITAS CORRENTES,8130498869.74,1747027395.0900002
2019,RECEITAS DE CAPITAL,336338847.09,8039110.49
2019,RESERVA DE CONTINGÊNCIA,,
2019,RESERVA DO RPPS,,
2019,SALDOS DE EXERCÍCIOS ANTERIORES,531897612.03,
2019,SUBTOTAL COM REFINANCIAMENTO (V) = (III + IV),8466837716.83,1755066505.58
2019,SUBTOTAL COM REFINANCIAMENTO (XII) = (X + XI),,
2019,SUBTOTAL DAS DESPESAS (X) = (VIII + IX),,
2019,SUBTOTAL DAS RECEITAS (III) = (I + II),8466837716.83,1755066505.58
2019,SUPERÁVIT (XIII),,
2019,Serviços Administrativos e Comerciais Gerais,261591712.36,38803185.03
2019,Superávit Financeiro Utilizado para Créditos Adicionais,531897612.03,
2019,TOTAL (VII) = (V + VI),8466837716.83,1755066505.58
2019,TOTAL (XIV) = (XII + XIII),,
2019,TRANSFERÊNCIAS CORRENTES,3568793593.42,820013001.17
2019,TRANSFERÊNCIAS DE CAPITAL,161903747.09,5053550.24
2019,Taxas,128605119.29,24777282.92
2019,Transferências da União e de suas Entidades,2853303036.6600003,662020910.5600001
2019,Transferências de Instituições Privadas,3555000.0,172751.44
2019,Transferências de Outras Instituições Públicas,866084403.91,161743423.53
2019,Transferências de Pessoas Físicas,22899.94,
2019,Transferências dos Estados e do Distrito Federal e de suas Entidades,3560000.0,
2019,Transferências dos Municípios e de suas Entidades,4172000.0,1129465.88
2019,Valores Mobiliários,290070202.58,91168810.42
2020,ALIENAÇÃO DE BENS,,660467.13
2020,AMORTIZAÇÃO DA DÍVIDA,,
2020,Alienação de Bens Imóveis,,
2020,Alienação de Bens Móveis,,660467.13
2020,"Bens, Direitos e Valores Incorporados ao Patrimônio Público",23071.0,
2020,CONTRIBUIÇÕES,694683966.9,172537925.57
2020,Cessão de Direitos,9074466.0,5308270.1
2020,Contribuições Sociais,694683966.9,172537925.57
2020,DESPESAS (EXCETO INTRA-ORÇAMENTÁRIAS) (VIII),,
2020,DESPESAS (INTRA-ORÇAMENTÁRIAS) (IX),,
2020,DESPESAS CORRENTES,,
2020,DESPESAS DE CAPITAL,,
2020,Demais Despesas Correntes,,
2020,Demais Receitas Correntes,235031651.0,34980875.8
2020,Demais Receitas Patrimoniais,,14252.5
2020,Demais Receitas de Capital,9384.0,1106499.97
2020,Exploração do Patrimônio Imobiliário do Estado,299307.0,84249.0
2020,"IMPOSTOS, TAXAS E CONTRIBUIÇÕES DE MELHORIA",3056948889.0,701455596.36
2020,INVERSÕES FINANCEIRAS,,
2020,INVESTIMENTOS,,
2020,Impostos,2923529161.0,677933758.88
2020,"Indenizações, Restituições e Ressarcimentos",11997942.0,13097156.42
2020,JUROS E ENCARGOS DA DÍVIDA,,
2020,"Multas Administrativas, Contratuais e Judiciais",27299348.0,2879500.8
2020,OPERAÇÕES DE CRÉDITO,18529969.0,
2020,OUTRAS DESPESAS CORRENTES,,
2020,OUTRAS RECEITAS CORRENTES,274352012.0,50957533.02
2020,OUTRAS RECEITAS DE CAPITAL,9384.0,1106499.97
2020,Operações de Crédito - Mercado Externo,13529969.0,
2020,Operações de Crédito - Mercado Interno,5000000.0,
2020,Outros Serviços,9164040.0,1345526.28
2020,PESSOAL E ENCARGOS SOCIAIS,,
2020,RECEITA DE SERVIÇOS,269213127.0,44770185.83
2020,RECEITA PATRIMONIAL,372440955.4,122749704.92
2020,RECEITAS (EXCETO INTRA-ORÇAMENTÁRIAS) (I),9213926883.94,1811557781.83
2020,RECEITAS (INTRA-ORÇAMENTÁRIAS) (II),607188070.0,154991998.58
2020,RECEITAS CORRENTES,9107891272.35,1861701257.58
2020,RECEITAS DE CAPITAL,409629646.59,27352523.54
2020,RESERVA DE CONTINGÊNCIA,,
2020,RESERVA DO RPPS,,
2020,Recursos Arrecadados em Exercícios Anteriores - RPPS,364103497.0,
2020,SALDOS DE EXERCÍCIOS ANTERIORES,1233163234.37,
2020,SUBTOTAL DAS DESPESAS (X) = (VIII + IX),,
2020,SUBTOTAL DAS RECEITAS (III) = (I + II),9517520918.94,1889053781.12
2020,SUPERÁVIT (XIII),,
2020,Serviços Administrativos e Comerciais Gerais,260049087.0,43424659.55
2020,Superávit Financeiro Utilizado para Créditos Adicionais,869059737.37,
2020,TOTAL COM DÉFICIT (VII) = (V + VI),9517520918.94,1889053781.12
2020,TOTAL COM SUPERÁVIT (XIV) = (XII + XIII),,
2020,TOTAL DAS DESPESAS (XII) = (X + XI),,
2020,TOTAL DAS RECEITAS (V) = (III + IV),9517520918.94,1889053781.12
2020,TRANSFERÊNCIAS CORRENTES,4440252322.05,769230311.88
2020,TRANSFERÊNCIAS DE CAPITAL,391090293.59,25585556.44
2020,Taxas,133419728.0,23521837.48
2020,Transferências da União e de suas Entidades,3949044593.6200004,619138947.2
2020,Transferências de Instituições Privadas,1160106.0,210996.08
2020,Transferências de Outras Instituições Públicas,880630505.02,175383629.71
2020,Transferências de Pessoas Físicas,11858.0,
2020,Transferências dos Estados e do Distrito Federal e de suas Entidades,,
2020,Transferências dos Municípios e de suas Entidades,495553.0,82295.33
2020,Valores Mobiliários,363067182.4,117342933.32
2021,ALIENAÇÃO DE BENS,2301275.71,2476624.99
2021,AMORTIZAÇÃO DA DÍVIDA,,
2021,Alienação de Bens Imóveis,,2476624.99
2021,Alienação de Bens Móveis,2301275.71,
2021,"Bens, Direitos e Valores Incorporados ao Patrimônio Público",1059.12,
2021,CONTRIBUIÇÕES,682238546.06,236696543.41000003
2021,Cessão de Direitos,23274911.0,11106134.34
2021,Contribuições Sociais,682238546.06,236696543.41000003
2021,DESPESAS (EXCETO INTRA-ORÇAMENTÁRIAS) (VIII),,
2021,DESPESAS (INTRA-ORÇAMENTÁRIAS) (IX),,
2021,DESPESAS CORRENTES,,
2021,DESPESAS DE CAPITAL,,
2021,Demais Despesas Correntes,,
2021,Demais Receitas Correntes,196890998.0,44159682.11
2021,Demais Receitas Patrimoniais,5692.0,29794.1
2021,Demais Receitas de Capital,,
2021,Exploração do Patrimônio Imobiliário do Estado,650800.0,110368.98
2021,"IMPOSTOS, TAXAS E CONTRIBUIÇÕES DE MELHORIA",3540748337.99,902130396.52
2021,INVERSÕES FINANCEIRAS,,
2021,INVESTIMENTOS,,
2021,Impostos,3391928964.99,872806962.2
2021,"Indenizações, Restituições e Ressarcimentos",17412770.59,10945645.54
2021,JUROS E ENCARGOS DA DÍVIDA,,
2021,"Multas Administrativas, Contratuais e Judiciais",35650261.46,16424799.98
2021,OPERAÇÕES DE CRÉDITO,1001000.0,253121.74
2021,OUTRAS DESPESAS CORRENTES,,
2021,OUTRAS RECEITAS CORRENTES,249955089.17,71530127.63
2021,OUTRAS RECEITAS DE CAPITAL,,
2021,Operações de Crédito - Mercado Interno,1001000.0,253121.74
2021,Outros Serviços,3646104.0,153801.04
2021,PESSOAL E ENCARGOS SOCIAIS,,
2021,RECEITA DE SERVIÇOS,277764593.0,54936994.86
2021,RECEITA PATRIMONIAL,209355560.84,149658398.89
2021,RECEITAS (EXCETO INTRA-ORÇAMENTÁRIAS) (I),9035216829.35,2287474173.34
2021,RECEITAS (INTRA-ORÇAMENTÁRIAS) (II),654274812.0,252208327.5
2021,RECEITAS CORRENTES,9175480258.1,2356020624.8100004
2021,RECEITAS DE CAPITAL,186873977.25,57557712.28
2021,RESERVA DE CONTINGÊNCIA,,
2021,RESERVA DO RPPS,,
2021,SALDOS DE EXERCÍCIOS ANTERIORES,2061272550.8,
2021,SUBTOTAL DAS DESPESAS (X) = (VIII + IX),,
2021,SUBTOTAL DAS RECEITAS (III) = (I + II),9362354235.35,2413578337.09
2021,SUPERÁVIT (XIII),,
2021,Serviços Administrativos e Comerciais Gerais,274118489.0,54709510.8
2021,Serviços e Atividades Financeiras,,
2021,Serviços e Atividades Referentes à Navegação e ao Transporte,,73683.02
2021,Superávit Financeiro Utilizado para Créditos Adicionais,2061272550.8,
2021,TOTAL COM DÉFICIT (VII) = (V + VI),9362354235.35,2413578337.09
2021,TOTAL COM SUPERÁVIT (XIV) = (XII + XIII),,
2021,TOTAL DAS DESPESAS (XII) = (X + XI),,
2021,TOTAL DAS RECEITAS (V) = (III + IV),9362354235.35,2413578337.09
2021,TRANSFERÊNCIAS CORRENTES,4215418131.04,941068163.5
2021,TRANSFERÊNCIAS DE CAPITAL,183571701.54,54827965.55
2021,Taxas,148819373.0,29323434.32
2021,Transferências da União e de suas Entidades,3215614513.15,759561825.36
2021,Transferências de Instituições Privadas,1865852.0,131881.12
2021,Transferências de Outras Instituições Públicas,1179510927.43,234950554.09
2021,Transferências de Pessoas Físicas,69440.0,22868.34
2021,Transferências dos Estados e do Distrito Federal e de suas Entidades,,769582.86
2021,Transferências dos Municípios e de suas Entidades,1929100.0,459417.28
2021,Valores Mobiliários,185424157.84,138412101.47
2022,ALIENAÇÃO DE BENS,248232.0,3166862.7
2022,AMORTIZAÇÃO DA DÍVIDA,,
2022,AMORTIZAÇÃO DA DÍVIDA / REFINANCIAMENTO (XI),,
2022,Alienação de Bens Móveis,248232.0,3166862.7
2022,Amortização da Dívida Interna,,
2022,CONTRIBUIÇÕES,752293802.0,276660085.93
2022,Cessão de Direitos,33563193.88,13426610.42
2022,Contribuições Sociais,752293802.0,276660085.93
2022,DESPESAS (EXCETO INTRA-ORÇAMENTÁRIAS) (VIII),,
2022,DESPESAS (INTRA-ORÇAMENTÁRIAS) (IX),,
2022,DESPESAS CORRENTES,,
2022,DESPESAS DE CAPITAL,,
2022,Demais Despesas Correntes,,
2022,Demais Receitas Correntes,237316664.89,37985297.91
2022,Demais Receitas Patrimoniais,6632.0,20667.7
2022,Demais Receitas de Capital,582370.46,
2022,Dívida Contratual,,
2022,Exploração de Recursos Naturais,,823370.13
2022,Exploração do Patrimônio Imobiliário do Estado,318176.0,1843438.08
2022,"IMPOSTOS, TAXAS E CONTRIBUIÇÕES DE MELHORIA",4627199543.07,776716541.73
2022,INVERSÕES FINANCEIRAS,,
2022,INVESTIMENTOS,,
2022,Impostos,4473392687.8,743334323.07
2022,"Indenizações, Restituições e Ressarcimentos",45764516.05,20032105.19
2022,JUROS E ENCARGOS DA DÍVIDA,,
2022,"Multas Administrativas, Contratuais e Judiciais",44636137.75,10786534.84
2022,OPERAÇÕES DE CRÉDITO,,102310.5
2022,OUTRAS DESPESAS CORRENTES,,
2022,OUTRAS RECEITAS CORRENTES,327717318.69,68803937.94
2022,OUTRAS RECEITAS DE CAPITAL,582370.46,
2022,Operações de Crédito - Mercado Interno,,102310.5
2022,Outras Transferências,,6513.46
2022,Outros Serviços,5388090.18,1167916.9300000002
2022,PESSOAL E ENCARGOS SOCIAIS,,
2022,RECEITA DE SERVIÇOS,294539460.18,61616949.70999999
2022,RECEITA PATRIMONIAL,316264913.84,139513474.79
2022,RECEITAS (EXCETO INTRA-ORÇAMENTÁRIAS) (I),11003662775.3,2207564970.44
2022,RECEITAS (INTRA-ORÇAMENTÁRIAS) (II),733382763.28,256086544.86
2022,RECEITAS CORRENTES,11224623611.28,2316157458.21
2022,RECEITAS DE CAPITAL,145730545.66,19450784.66
2022,RESERVA DE CONTINGÊNCIA,,
2022,Recursos Arrecadados em Exercícios Anteriores - RPPS,267482350.0,
2022,SALDOS DE EXERCÍCIOS ANTERIORES,2216107985.79,
2022,SUBTOTAL DAS DESPESAS (X) = (VIII + IX),,
2022,SUBTOTAL DAS RECEITAS (III) = (I + II),11370354156.94,2335608242.87
2022,SUPERÁVIT (XIII),,
2022,Serviços Administrativos e Comerciais Gerais,289143911.0,60366414.17
2022,Serviços e Atividades Financeiras,7459.0,
2022,Serviços e Atividades Referentes à Navegação e ao Transporte,,82618.61
2022,Superávit Financeiro Utilizado para Créditos Adicionais,1948625635.79,
2022,TOTAL COM DÉFICIT (VII) = (V + VI),11370354156.94,2335608242.87
2022,TOTAL COM SUPERÁVIT (XIV) = (XII + XIII),,
2022,TOTAL DAS DESPESAS (XII) = (X + XI),,
2022,TOTAL DAS RECEITAS (V) = (III + IV),11370354156.94,2335608242.87
2022,TRANSFERÊNCIAS CORRENTES,4906608573.5,992846468.11
2022,TRANSFERÊNCIAS DE CAPITAL,144899943.2,16181611.46
2022,Taxas,153806855.27,33382218.66
2022,Transferências Provenientes de Depósitos Não Identificados,162169.23,8918.23
2022,Transferências da União e de suas Entidades,3658642228.8399997,771775429.8100001
2022,Transferências de Instituições Privadas,3029638.0,1155735.27
2022,Transferências de Outras Instituições Públicas,1387628485.25,233988822.64
2022,Transferências dos Estados e do Distrito Federal e de suas Entidades,767178.28,640611.63
2022,Transferências dos Municípios e de suas Entidades,1278817.1,1452048.53
2022,Valores Mobiliários,282376911.96,123399388.46
2024,ALIENAÇÃO DE BENS,,57055.14
2024,AMORTIZAÇÃO DA DÍVIDA,,
2024,AMORTIZAÇÃO DA DÍVIDA / REFINANCIAMENTO (XI),,
2024,Alienação de Bens Imóveis,,57055.14
2024,Alienação de Bens Móveis,,
2024,Amortização da Dívida Interna,,
2024,"Bens, Direitos e Valores Incorporados ao Patrimônio Público",11620498.1,
2024,CONTRIBUIÇÕES,1616556264.0,315517562.14
2024,Cessão de Direitos,87793645.63,10514572.86
2024,Contribuições Sociais,1616556264.0,315517562.14
2024,DESPESAS (EXCETO INTRA-ORÇAMENTÁRIAS) (VIII),,
2024,DESPESAS (INTRA-ORÇAMENTÁRIAS) (IX),,
2024,DESPESAS CORRENTES,,
2024,DESPESAS DE CAPITAL,,
2024,Demais Despesas Correntes,,
2024,Demais Receitas Correntes,276369672.12,137350132.63
2024,Demais Receitas Patrimoniais,206470.0,49404.33
2024,Demais Receitas de Capital,16000000.0,407485.49
2024,Demais Transferências Correntes,28672.0,
2024,Demais Transferências de Capital,,1379.97
2024,Dívida Contratual,,
2024,Exploração de Recursos Naturais,821262.0,3863137.49
2024,Exploração do Patrimônio Imobiliário do Estado,2775719.0,737850.57
2024,Exploração do Patrimônio Intangível,,
2024,"IMPOSTOS, TAXAS E CONTRIBUIÇÕES DE MELHORIA",6057248255.0,1166053114.43
2024,INVERSÕES FINANCEIRAS,,
2024,INVESTIMENTOS,,
2024,Impostos,5834046091.0,1129170627.23
2024,"Indenizações, Restituições e Ressarcimentos",79851822.0,87182708.89
2024,JUROS E ENCARGOS DA DÍVIDA,,
2024,"Multas Administrativas, Contratuais e Judiciais",82170470.0,13309399.73
2024,OPERAÇÕES DE CRÉDITO,5000000.0,107574.97
2024,OUTRAS DESPESAS CORRENTES,,
2024,OUTRAS RECEITAS CORRENTES,450012462.22,237842241.25
2024,OUTRAS RECEITAS DE CAPITAL,16000000.0,407485.49
2024,Operações de Crédito - Mercado Interno,5000000.0,107574.97
2024,Outros Serviços,70061634.0,11791334.549999999
2024,PESSOAL E ENCARGOS SOCIAIS,,
2024,RECEITA DE SERVIÇOS,510502835.0,81644570.71000001
2024,RECEITA PATRIMONIAL,834009593.28,103134641.89999999
2024,RECEITAS (EXCETO INTRA-ORÇAMENTÁRIAS) (I),15087648770.64,2942924098.66
2024,RECEITAS (INTRA-ORÇAMENTÁRIAS) (II),2307342750.0,475843438.22
2024,RECEITAS CORRENTES,16093080457.33,3149622590.32
2024,RECEITAS DE CAPITAL,148239688.31,31223227.45
2024,RESERVA DE CONTINGÊNCIA,,
2024,SALDOS DE EXERCÍCIOS ANTERIORES,1306078405.19,
2024,SUBTOTAL DAS DESPESAS (X) = (VIII + IX),,
2024,SUBTOTAL DAS RECEITAS (III) = (I + II),16241320145.64,3180845817.77
2024,SUPERÁVIT (XIII),,
2024,Serviços Administrativos e Comerciais Gerais,439726195.0,69766658.84
2024,Serviços e Atividades Referentes à Navegação e ao Transporte,715006.0,86577.32
2024,Superávit Financeiro Utilizado para Créditos Adicionais,1306078405.19,
2024,TOTAL COM DÉFICIT (VII) = (V + VI),16241320145.64,3180845817.77
2024,TOTAL COM SUPERÁVIT (XIV) = (XII + XIII),,
2024,TOTAL DAS DESPESAS (XII) = (X + XI),,
2024,TOTAL DAS RECEITAS (V) = (III + IV),16241320145.64,3180845817.77
2024,TRANSFERÊNCIAS CORRENTES,6624751047.83,1245430459.89
2024,TRANSFERÊNCIAS DE CAPITAL,127239688.31,30651111.85
2024,Taxas,223202164.0,36882487.2
2024,Transferências da União e de suas Entidades,4992360006.31,980250415.8699999
2024,Transferências de Instituições Privadas,5590227.0,212689.59
2024,Transferências de Outras Instituições Públicas,1721443941.43,292619605.15999997
2024,Transferências dos Estados e do Distrito Federal e de suas Entidades,20789158.0,
2024,Transferências dos Municípios e de suas Entidades,11778731.4,2997481.15
2024,Valores Mobiliários,742412496.65,87969676.65
